{
  "simtrader\\cmd\\server\\main.go": 1776155028.6052425,
  "simtrader\\internal\\auth\\handler.go": 1775627524.6309698,
  "simtrader\\internal\\auth\\mailer.go": 1775627524.6692374,
  "simtrader\\internal\\auth\\service.go": 1775627524.6915214,
  "simtrader\\internal\\config\\config.go": 1775627524.739025,
  "simtrader\\internal\\db\\db.go": 1775627524.8019874,
  "simtrader\\internal\\middleware\\auth.go": 1775627524.8497472,
  "simtrader\\internal\\order\\engine.go": 1776062106.7894106,
  "simtrader\\internal\\order\\handler.go": 1775799367.0,
  "simtrader\\internal\\portfolio\\portfolio.go": 1775799386.0,
  "simtrader\\internal\\simulation\\adapter.go": 1775732013.0,
  "simtrader\\internal\\simulation\\clock.go": 1776154169.2853892,
  "simtrader\\internal\\simulation\\handler.go": 1776162855.4472795,
  "simtrader\\internal\\simulation\\model.go": 1776062016.3098304,
  "simtrader\\internal\\simulation\\repository.go": 1776162336.1598003,
  "simtrader\\internal\\types\\types.go": 1776061642.8784323,
  "simtrader\\internal\\user\\handler.go": 1775627524.8969817,
  "simtrader\\internal\\user\\model.go": 1775627524.9286804,
  "simtrader\\internal\\user\\repository.go": 1775627524.9695978,
  "simtrader-frontend\\postcss.config.js": 1775022357.0,
  "simtrader-frontend\\tailwind.config.js": 1776245847.455723,
  "simtrader-frontend\\vite.config.ts": 1776154850.5384278,
  "simtrader-frontend\\src\\App.tsx": 1776245797.6667027,
  "simtrader-frontend\\src\\main.tsx": 1775036828.0,
  "simtrader-frontend\\src\\vite-env.d.ts": 1775036832.0,
  "simtrader-frontend\\src\\api\\auth.ts": 1776160141.925386,
  "simtrader-frontend\\src\\api\\client.ts": 1775022420.0,
  "simtrader-frontend\\src\\api\\index.ts": 1776147212.1738417,
  "simtrader-frontend\\src\\api\\order.ts": 1776160128.4762502,
  "simtrader-frontend\\src\\api\\portfolio.ts": 1776146679.4415429,
  "simtrader-frontend\\src\\api\\simulation.ts": 1776162445.989829,
  "simtrader-frontend\\src\\api\\user.ts": 1776150361.7187488,
  "simtrader-frontend\\src\\components\\auth\\RequireAuth.tsx": 1775036805.0,
  "simtrader-frontend\\src\\components\\layout\\DashboardLayout.tsx": 1776248575.0119455,
  "simtrader-frontend\\src\\components\\simulation\\SimulationTimer.tsx": 1776143934.0,
  "simtrader-frontend\\src\\components\\ui\\index.tsx": 1776246318.9430246,
  "simtrader-frontend\\src\\components\\ui\\ThemeToggle.tsx": 1776245967.213137,
  "simtrader-frontend\\src\\context\\ThemeContext.tsx": 1776245691.8004823,
  "simtrader-frontend\\src\\hooks\\useSimulationSocket.ts": 1776160675.6216204,
  "simtrader-frontend\\src\\pages\\admin\\AdminLayout.tsx": 1776248690.0817113,
  "simtrader-frontend\\src\\pages\\admin\\AdminOverviewPage.tsx": 1775799486.0,
  "simtrader-frontend\\src\\pages\\admin\\AdminSettingsPage.tsx": 1776058066.0,
  "simtrader-frontend\\src\\pages\\admin\\AdminSimulationsPage.tsx": 1776163166.4954813,
  "simtrader-frontend\\src\\pages\\admin\\AdminUsersPage.tsx": 1776147195.3455784,
  "simtrader-frontend\\src\\pages\\auth\\LoginPage.tsx": 1776248765.862914,
  "simtrader-frontend\\src\\pages\\auth\\RegisterPage.tsx": 1776151038.6272027,
  "simtrader-frontend\\src\\pages\\student\\ChartPage.tsx": 1776247546.2442136,
  "simtrader-frontend\\src\\pages\\student\\ChartPageold.tsx": 1776160783.7827737,
  "simtrader-frontend\\src\\pages\\student\\OrderBookPage.tsx": 1775036760.0,
  "simtrader-frontend\\src\\pages\\student\\OrderEntryPage.tsx": 1776248512.1505373,
  "simtrader-frontend\\src\\pages\\student\\OrdersPage.tsx": 1776146949.751292,
  "simtrader-frontend\\src\\pages\\student\\PortfolioPage.tsx": 1775022628.0,
  "simtrader-frontend\\src\\pages\\student\\ProfilePage.tsx": 1776147103.515417,
  "simtrader-frontend\\src\\store\\auth.ts": 1776147248.8693352,
  "simtrader-frontend\\src\\types\\index.ts": 1775022394.0,
  "simtrader-tools\\bloomberg_to_simtrader.py": 1776077164.2271695,
  "simtrader-tools\\validate_simtrader_csv.py": 1775201559.0,
  "CLAUDE.md": 1776412566.738996,
  "graphify-out\\converted\\progress-report_ed018b47.md": 1776412786.448905,
  "QWEN.md": 1776155689.5199928,
  "README.md": 1776155576.9417207,
  "simtrader\\README.md": 1775627524.502406,
  "simtrader-tools\\README.md": 1775201593.0,
  "simtrader-tools\\raw\\AAPL.txt": 1775202704.1776166,
  "toggle.jpg": 1776243951.253549
}