{
  "C:\\Users\\maiqbal\\psx_tracker\\config.py": 1777445574.7301307,
  "C:\\Users\\maiqbal\\psx_tracker\\database.py": 1777445585.3629003,
  "C:\\Users\\maiqbal\\psx_tracker\\fetcher.py": 1777445822.861599,
  "C:\\Users\\maiqbal\\psx_tracker\\main.py": 1777445856.719159,
  "C:\\Users\\maiqbal\\psx_tracker\\scheduler.py": 1777445615.628034,
  "C:\\Users\\maiqbal\\psx_tracker\\CLAUDE.md": 1777446364.148026,
  "C:\\Users\\maiqbal\\psx_tracker\\README.md": 1777446390.4294326,
  "C:\\Users\\maiqbal\\psx_tracker\\requirements.txt": 1777445825.7093332
}